Model,9J7V_WT,9J7V_R83C,9J7V_G188R
1,7.489346,8.483485,4.188303
2,8.316938,8.258447,3.651491
3,8.994859,7.594011,3.713914
4,8.218033,5.95113,3.800176
5,8.121941,5.326776,3.234828
6,9.154382,5.784721,2.905703
7,9.36262,5.119939,3.006267
8,8.61667,3.494489,3.030863
9,8.815503,3.719294,2.337571
10,9.733399,4.835162,2.292577
11,9.64889,3.853052,2.523178
12,8.985289,3.077606,2.310684
13,9.498962,4.600956,1.872171
14,10.350885,5.270785,1.977623
15,9.920495,4.4686,2.192389
16,9.587536,4.640685,1.888999
17,10.495167,6.345036,1.698953
18,10.833031,6.877801,1.97755
19,10.325755,6.555143,2.071586
20,10.483936,7.020815,1.817348
21,11.321971,8.496711,1.847346
22,11.257003,9.058991,2.144777
23,11.021666,8.670397,2.044785
24,11.307364,8.586886,2.001139
25,11.621184,8.768949,2.14874
26,11.210101,8.677407,1.887633
27,10.637825,7.973849,1.777519
28,10.485466,8.206381,2.001017
29,10.312971,8.342179,1.73067
30,9.673157,7.128336,1.436849
31,9.344522,6.810908,1.475681
32,9.346376,7.432416,1.782764
33,9.190201,6.999682,1.463793
34,8.713954,5.699313,1.353717
35,8.638588,5.895502,1.626346
36,8.569187,6.774594,1.654557
37,8.342106,6.04092,1.431172
38,8.103277,5.458704,1.567688
39,7.850215,5.877049,1.747264
40,6.749198,5.90945,1.968414
41,6.09669,6.501402,1.739511
42,5.851351,6.98609,1.821083
43,5.683916,7.342061,2.151621
44,5.271044,7.398648,2.223381
45,5.960253,7.896414,1.981292
46,5.287898,8.1991,1.840975
47,4.190486,8.441111,2.23447
48,4.680719,8.778334,2.50536
49,5.187798,9.395927,2.356398
50,4.180172,9.70759,2.34593
51,3.269409,9.879657,2.66294
52,3.805112,10.344884,2.859375
53,4.026439,10.733421,2.658905
54,3.041652,10.612213,2.749646
55,1.849573,10.378506,2.953176
56,2.006921,10.184388,2.891838
57,2.881029,9.52289,2.548573
58,2.592309,9.165956,2.600753
59,1.789575,9.108299,2.793231
60,2.298582,8.631746,2.617701
61,3.318797,8.039333,2.364738
62,2.948282,7.849526,2.585451
63,2.080038,7.737652,2.670538
64,2.683492,6.992807,2.461031
65,3.667325,6.636673,2.382682
66,3.245556,6.502242,2.654781
67,2.355913,6.035974,2.72648
68,3.163747,5.452442,2.437394
69,3.795326,5.062772,2.360519
70,3.187197,5.129384,2.590236
71,2.950591,4.805329,2.505838
72,4.083857,4.240661,2.279101
73,4.27532,3.994693,2.499434
74,3.387894,4.026592,2.713826
75,3.991444,3.55793,2.493732
76,5.058438,3.130967,2.349445
77,4.649652,3.151054,2.665139
78,4.273753,3.139749,2.765166
79,4.861911,2.599628,2.472458
80,5.549763,2.344761,2.286704
81,6.130753,2.174301,1.936964
82,7.408989,2.415766,1.506416
83,7.346486,2.798711,1.300818
84,8.026819,3.758981,1.248384
85,8.150947,4.293456,1.270014
86,8.544504,4.227962,1.253661
87,8.666449,4.357151,1.272812
88,9.312321,5.663724,1.309688
89,10.211025,6.310375,1.426234
90,9.93045,5.80546,1.480864
91,9.577633,6.69702,1.758236
92,10.274984,8.52232,2.308406
93,10.352756,8.038329,2.420594
94,10.782765,8.764309,2.453351
95,11.563517,10.160604,2.791321
96,12.375824,11.268058,3.720588
97,12.30303,10.679915,3.26509
98,12.428094,10.132411,2.596724
99,11.582236,8.396302,1.812531
100,11.433783,7.622021,1.631211
101,11.529459,8.098227,1.400296
102,10.654619,6.499686,1.307473
103,10.916216,6.559702,1.382581
104,10.414535,5.548631,1.342559
105,10.274384,5.788042,1.444017
106,9.985018,5.534083,1.530995
107,8.869955,4.903862,1.50802
108,8.771809,4.557445,1.406477
109,8.160707,3.988337,1.434038
110,7.727177,3.41147,1.447496
111,7.403806,2.455941,1.73107
112,6.672237,2.552337,1.784878
113,6.127978,2.132388,1.730167
114,6.174971,2.287362,1.761922
115,5.379508,2.640789,1.960791
116,5.104609,3.149854,1.998842
117,5.749108,3.627523,1.705077
118,5.170407,3.936654,1.672358
119,5.902455,4.646842,1.451904
120,6.007851,4.934452,1.422568
121,4.915063,4.957975,1.725637
122,4.734333,5.335429,1.652619
123,5.550845,5.986806,1.411165
124,5.273121,6.179405,1.573474
125,4.109885,6.436851,1.821924
126,4.386688,6.880028,1.654801
127,5.304847,7.253213,1.504411
128,4.872379,7.450821,1.552335
129,3.897331,8.037958,1.570095
130,4.714687,8.512317,1.483177
131,5.55625,8.585091,1.432953
132,4.960304,8.736232,1.574825
133,4.315515,9.216755,1.653566
134,5.315415,9.636058,1.695262
135,6.286999,9.69713,1.696431
136,5.721059,9.983605,1.797522
137,5.218638,10.481649,2.037703
138,6.388012,10.823024,2.097279
139,7.354658,10.76799,2.247678
140,7.964759,11.10958,2.86586
141,7.093016,12.253756,3.724143
142,7.486104,12.857374,3.40902
143,7.565483,12.559055,3.472871
144,8.36288,11.568998,2.563607
145,8.578449,11.594538,2.880442
146,8.70712,10.891928,3.311916
147,8.008686,11.719689,3.297757
148,7.706194,11.069123,2.333965
149,8.553223,9.867633,2.280976
150,8.57121,10.048297,2.646171
151,7.823877,10.526084,2.264541
152,7.864396,9.646129,1.735279
153,8.667284,8.942259,2.000885
154,8.33186,9.28754,2.014594
155,7.524503,9.2284,1.634241
156,7.875883,8.279387,1.512372
157,8.536719,7.985054,1.755001
158,8.028389,8.38205,1.587001
159,7.571544,7.85289,1.330154
160,8.34798,7.188994,1.451675
161,8.628494,7.395091,1.567993
162,7.934662,7.195143,1.371265
163,7.811369,6.498204,1.328683
164,8.66605,6.31665,1.472956
165,8.656508,6.626763,1.402304
166,7.959922,5.96164,1.307986
167,8.115774,5.39766,1.3573
168,8.851542,5.708505,1.483268
169,8.589801,5.683203,1.463276
170,8.354097,4.752144,1.278679
171,8.797946,4.742529,1.358313
172,9.439139,5.627315,1.489021
173,8.980308,5.055516,1.40409
174,8.637482,4.432878,1.323927
175,7.861865,3.735317,1.283138
176,7.723715,3.399569,1.343582
177,7.568063,3.383498,1.51262
178,7.468054,3.679731,1.713417
179,6.890255,3.312662,1.941049
180,6.656517,3.265312,1.714425
181,6.505042,3.777758,1.568496
182,6.372699,4.031344,1.815857
183,5.530502,3.810319,2.027303
184,5.070648,4.053023,1.780288
185,5.441016,4.754122,1.663119
186,5.094247,4.932347,2.015155
187,4.050997,4.820588,2.24007
188,4.058335,4.848527,2.019562
189,4.365439,5.727988,1.911991
190,3.644368,5.946096,2.351887
191,2.808224,5.830328,2.440467
192,3.144737,6.36506,2.096593
193,3.46968,7.074716,2.227185
194,2.744068,7.104694,2.65231
195,1.982787,7.359453,2.674649
196,2.181431,8.122891,2.552764
197,3.530727,8.274993,2.886964
198,3.939516,8.951203,3.057769
199,3.4177,9.849389,3.192038
200,3.949399,10.247762,3.335992
201,3.871292,10.114319,3.282954
202,3.414567,10.522999,3.43283
203,3.508066,10.556964,3.53167
204,3.178862,10.245265,3.53193
205,4.452027,10.619308,3.722904
206,5.012124,10.330661,3.766375
207,5.452362,10.247453,3.849299
208,4.156893,9.753198,3.589645
209,3.473231,9.14757,3.450219
210,4.731493,9.211498,3.600022
211,4.273597,8.73531,3.585539
212,2.914239,8.041147,3.390205
213,3.633655,8.080221,3.391648
214,4.578181,8.039658,3.593164
215,3.566031,7.114784,3.535521
216,2.947674,6.496454,3.306698
217,4.221863,6.586722,3.321024
218,4.310247,6.523463,3.43675
219,3.289889,5.483111,3.275596
220,3.889865,5.175722,3.088247
221,4.946285,5.473009,3.23141
222,4.367539,5.469606,3.345946
223,3.93337,4.488711,3.221797
224,5.069683,4.201097,3.018115
225,5.519981,4.863618,3.250998
226,5.037201,4.887296,3.324075
227,5.350228,3.959544,3.054174
228,6.124307,3.981402,2.989257
229,5.980968,4.931338,3.312214
230,6.166876,4.769259,3.299922
231,6.832863,4.394707,3.067556
232,6.596397,3.464207,2.796524
233,6.889896,3.284985,2.654993
234,6.849247,2.708951,2.494976
235,7.584941,2.771902,2.371677
236,7.684188,3.245731,2.182692
237,8.056736,2.477452,1.861653
238,8.00238,2.555441,1.990333
239,7.67412,3.484921,1.795834
240,8.377711,3.490627,1.49919
241,8.757745,3.242414,1.515797
242,9.414942,3.847254,1.713763
243,10.374916,4.716027,1.501754
244,10.195433,4.681254,1.274198
245,9.97785,4.63312,1.435489
246,11.324836,5.774281,1.390913
247,11.427865,5.69095,1.638454
248,11.556456,4.474176,1.774498
249,10.84783,4.725163,1.914471
250,9.639536,5.014739,1.780227
251,9.31507,3.72457,1.7533
252,8.873858,3.75038,1.883075
253,8.743204,3.146794,2.148185
254,8.552291,4.177092,2.212231
255,8.235907,3.694194,1.982972
256,7.962728,3.100456,2.224706
257,7.636337,3.495838,2.349272
258,6.651694,4.006519,2.650658
259,6.691354,4.352439,2.578925
260,5.900179,4.703471,2.328582
261,5.151825,5.043474,2.665327
262,6.009936,5.668161,2.943853
263,5.773356,6.053495,2.622587
264,4.566229,6.185354,2.560713
265,4.528544,6.574302,3.074033
266,5.243644,7.023147,3.133874
267,4.47962,7.34675,2.806743
268,3.716373,7.712353,2.970828
269,4.391037,8.110026,3.404928
270,4.502646,8.391658,3.291224
271,3.225506,8.850611,3.166038
272,3.365685,9.315137,3.303069
273,4.357791,9.515971,3.39426
274,3.808934,9.758418,3.409551
275,2.565899,10.18463,3.528871
276,3.368849,10.608801,3.532376
277,4.363434,10.805012,3.62122
278,4.797285,11.557368,4.006965
279,4.629747,11.35979,4.140775
280,3.590518,11.026248,4.01502
281,3.544218,11.822959,4.593717
282,4.043621,12.257409,5.100095
283,3.99869,11.854023,4.909372
284,3.426909,11.683137,4.324257
285,3.409131,11.847263,4.545056
286,4.189424,11.396114,4.929972
287,5.135211,12.066824,4.593346
288,5.559879,12.246784,4.382195
289,5.7045,11.625921,4.230202
290,5.604072,12.617278,3.984222
291,5.128604,12.72467,3.684036
292,5.165968,12.337104,3.111305
293,6.109863,12.286824,3.296571
294,5.8877,11.963189,3.624474
295,5.092793,11.277771,3.067907
296,5.854794,11.092595,2.756069
297,6.541997,11.059952,3.248353
298,5.760525,10.72257,3.200037
299,5.619021,10.106729,2.813007
300,6.753218,9.998638,2.893094
301,6.859236,10.030256,3.120295
302,6.112633,9.418878,2.891568
303,6.570439,8.856154,2.657018
304,7.487721,8.937247,2.865102
305,7.324355,8.933614,2.914009
306,7.204875,8.37149,2.699248
307,7.569736,7.877513,2.649972
308,7.907669,8.033624,2.820436
309,7.852175,7.96117,2.746335
310,8.053103,7.438536,2.567601
311,8.605491,7.192384,2.692782
312,8.702028,7.198414,2.754886
313,9.241422,7.032125,2.847477
314,9.268477,7.022274,2.955683
315,9.717012,6.682085,3.14519
316,9.989316,6.286166,3.52363
317,10.552621,6.100109,3.900154
318,10.327818,6.24465,3.653686
319,9.838849,5.892623,3.473501
320,9.442276,6.406772,3.670663
321,9.489752,6.917113,3.523827
322,9.089679,6.617677,3.287838
323,8.307599,6.147622,3.244849
324,8.192761,6.946361,3.412879
325,8.193293,7.384241,3.273245
326,7.626913,6.800861,3.074666
327,7.055919,6.903834,3.211421
328,7.195857,7.777932,3.279582
329,7.113172,7.715083,3.014141
330,6.400709,7.282519,2.856801
331,6.012505,7.87444,3.036512
332,6.221675,8.429238,3.106849
333,5.859542,8.191676,2.845055
334,4.650439,8.709285,2.902219
335,5.210535,9.29238,3.225646
336,5.918579,9.346714,3.229759
337,5.157645,9.387429,2.984579
338,4.176686,10.000456,3.098104
339,4.724436,10.474839,3.436539
340,6.147694,10.206587,3.505077
341,6.303678,10.175967,3.51934
342,5.819683,11.068096,3.818867
343,6.05349,11.240429,4.090752
344,7.163623,10.888286,4.202979
345,7.114598,11.392617,4.131434
346,6.783411,12.315231,4.370829
347,7.361635,12.125658,4.578219
348,8.384909,11.815469,4.75658
349,7.795926,12.476244,4.784889
350,7.657114,13.142145,5.046549
351,7.787242,13.660804,5.049999
352,8.104227,14.432259,5.739305
